Growth_Factor,Mean_Predicted_ITI,Risk_Level
0.8,14915.058923809525,Low
1.0,18273.82230952381,Moderate
1.2,21445.48960634921,Moderate
1.5,25740.73130317461,High
