Gene,P_value
MexR,0.4005253601772628
MexS,0.0119252335930176
nalC,0.0119252335930176
tetR,0.011159425282914755
