Test,Value
T-test,0.6547165139852147
ANOVA,1.3238231307041745e-05
Mann-Whitney,0.007936507936507936
Effect Size,1.0
