Test,P_value
T-test,0.6547165139852147
ANOVA,1.3238231307041745e-05
Biomarker Score,
