,Random Forest,Gradient Boosting,Logistic Regression,Decision Tree,SVM,Mean,Std,Score,Model_Count
MexR,0.0587283945027307,0.13144373637327625,,0.4230769230769231,,0.20441635131764335,0.1574403897086321,1.2208305993156978,3
Escherichia coli gyrA conferring resistance to fluoroquinolones,0.020601320141778845,0.020271021582384245,,0.20512820512820512,,0.08200018228412274,0.0870647643286469,0.8447986542931509,3
MexZ,0.03802469169484355,2.3815352885602112e-05,,0.28787878787878785,,0.10864243164217234,0.1276852123999314,0.7890639070708689,3
